{"extensionType":"field_faas","i18nMap":{"zh-CN":{"param_attachment_label":"选择需要提取URL的附件字段","param_format_label":"返回格式","format_plain":"普通字符串（换行分隔）","format_array":"JSON数组格式","format_dict":"字典格式（键值对）"},"en-US":{"param_attachment_label":"Select attachment field to extract URLs","param_format_label":"Return Format","format_plain":"Plain string (line-separated)","format_array":"JSON array format","format_dict":"Dictionary format (key-value pairs)"},"ja-JP":{"param_attachment_label":"URLを抽出する添付ファイルフィールドを選択","param_format_label":"戻り値の形式","format_plain":"プレーン文字列（改行区切り）","format_array":"JSON配列形式","format_dict":"辞書形式（キーバリューペア）"}},"fields":[{"fieldType":1,"uiSchema":{"fieldsConfigEditor":{"component":"OpenFieldMetaEditor","props":{"schema":{"items":[{"key":"attachments","label":"${{param_attachment_label}}","component":"FieldSelect","props":{"supportType":[17]},"validator":{"required":true}},{"key":"format","label":"${{param_format_label}}","component":"Radio","props":{"options":[{"label":"${{format_plain}}","value":"plain"},{"label":"${{format_array}}","value":"array"},{"label":"${{format_dict}}","value":"dict"}]},"validator":{"required":false}}]}}}},"presetFieldConfig":{"fieldProperty":{"propertyType":1,"properties":[]},"externalEditorConfig":{}},"disableAutoUpdate":false}]}